https://en.wikipedia.org/wiki/Australia,Australia
https://en.wikipedia.org/wiki/Austria,Austria
https://en.wikipedia.org/wiki/Belgium,Belgium
https://en.wikipedia.org/wiki/Canada,Canada
https://en.wikipedia.org/wiki/Cyprus,Cyprus
https://en.wikipedia.org/wiki/Czech_Republic,Czech_Republic
https://en.wikipedia.org/wiki/Denmark,Denmark
https://en.wikipedia.org/wiki/Estonia,Estonia
https://en.wikipedia.org/wiki/Finland,Finland
https://en.wikipedia.org/wiki/France,France
https://en.wikipedia.org/wiki/Germany,Germany
https://en.wikipedia.org/wiki/Greece,Greece
https://en.wikipedia.org/wiki/Hong_Kong,Hong_Kong
https://en.wikipedia.org/wiki/Iceland,Iceland
https://en.wikipedia.org/wiki/Republic_of_Ireland,Republic_of_Ireland
https://en.wikipedia.org/wiki/Israel,Israel
https://en.wikipedia.org/wiki/Italy,Italy
https://en.wikipedia.org/wiki/Japan,Japan
https://en.wikipedia.org/wiki/Latvia,Latvia
https://en.wikipedia.org/wiki/Lithuania,Lithuania
https://en.wikipedia.org/wiki/Luxembourg,Luxembourg
https://en.wikipedia.org/wiki/Macau,Macau
https://en.wikipedia.org/wiki/Malta,Malta
https://en.wikipedia.org/wiki/Netherlands,Netherlands
https://en.wikipedia.org/wiki/New_Zealand,New_Zealand
https://en.wikipedia.org/wiki/Norway,Norway
https://en.wikipedia.org/wiki/Portugal,Portugal
https://en.wikipedia.org/wiki/Puerto_Rico,Puerto_Rico
https://en.wikipedia.org/wiki/San_Marino,San_Marino
https://en.wikipedia.org/wiki/Singapore,Singapore
https://en.wikipedia.org/wiki/Slovakia,Slovakia
https://en.wikipedia.org/wiki/Slovenia,Slovenia
https://en.wikipedia.org/wiki/South_Korea,South_Korea
https://en.wikipedia.org/wiki/Spain,Spain
https://en.wikipedia.org/wiki/Sweden,Sweden
https://en.wikipedia.org/wiki/Switzerland,Switzerland
https://en.wikipedia.org/wiki/Taiwan,Taiwan
https://en.wikipedia.org/wiki/United_Kingdom,United_Kingdom
https://en.wikipedia.org/wiki/United_States,United_States